University,intCol2018,intCol2017,intCol2016,acaCol2018,acaCol2017,acaCol2016,pub2018,pub2017,pub2016,cit2018,cit2017,cit2016,fwCitImp2018,fwCitImp2017,fwCitImp2016,pubTCP2018,pubTCP2017,pubTCP2016,pubTJP2018,pubTJP2017,pubTJP2016,citPP2018,citPP2017,citPP2016,authors2018,authors2017,authors2016,citPA2018,citPA2017,citPA2016,pubPA2018,pubPA2017,pubPA2016,h5Index,class
"Massachusetts Institute of Technology",50.7,49.8,48.9,8.7,8.3,8.9,9451.0,9208.0,9144.0,54983.0,123494.0,195143.0,2.18,2.38,2.58,27.2,30.6,32.6,51.6,54.3,55.6,5.8,13.4,21.3,9298.0,9273.0,8894.0,5.913422241342224,13.317588698371617,21.940971441421183,1.0164551516455151,0.9929904022430713,1.0281088374184844,239.0,1
"Stanford University",42.0,41.7,40.9,7.2,6.7,7.3,14677.0,14129.0,13602.0,89118.0,193959.0,289786.0,2.54,2.52,2.82,26.5,29.0,29.5,48.6,51.1,51.2,6.1,13.7,21.3,14423.0,13529.0,12821.0,6.178880954031754,14.336536329366545,22.602449106933935,1.0176107605907232,1.0443491758444823,1.0609156852039623,289.0,1
"Harvard University",46.1,44.5,43.7,5.8,5.6,5.7,31348.0,30920.0,30060.0,169151.0,377920.0,567756.0,2.19,2.34,2.4,24.4,28.2,29.3,45.7,48.5,50.0,5.4,12.2,18.9,30949.0,29999.0,29330.0,5.465475459627129,12.597753258441948,19.357517899761337,1.0128921774532296,1.0307010233674456,1.0248891919536312,340.0,1
"University of Oxford",60.7,58.9,57.8,6.4,6.1,6.2,14890.0,14487.0,13930.0,72619.0,154285.0,250542.0,2.09,2.25,2.49,23.3,25.3,27.2,46.1,48.2,47.8,4.9,10.6,18.0,12816.0,12484.0,12053.0,5.666276529338327,12.358619032361423,20.786692109848172,1.161828963795256,1.1604453700736943,1.1557288641831909,254.0,1
"California Institute of Technology",53.0,52.4,53.0,6.0,5.5,5.6,4866.0,4548.0,4540.0,30055.0,65026.0,101056.0,2.05,2.31,2.36,28.9,35.4,32.8,45.3,47.7,52.6,6.2,14.3,22.3,4616.0,4263.0,4108.0,6.511048526863085,15.25357729298616,24.599805258033108,1.0541594454072791,1.0668543279380718,1.1051606621226875,166.0,1
"Swiss Federal Institute of Technology Zurich",66.9,65.1,65.2,6.8,7.4,8.0,8265.0,7963.0,7713.0,42901.0,81551.0,127251.0,2.0,2.0,2.08,26.4,28.4,28.6,51.7,52.6,53.4,5.2,10.2,16.5,7623.0,7380.0,7046.0,5.627836809654991,11.050271002710026,18.06003406187908,1.0842188114915388,1.0789972899728997,1.0946636389440818,161.0,1
"University of Cambridge",62.3,59.3,59.7,6.6,6.8,7.2,11782.0,11422.0,11308.0,61925.0,130742.0,207876.0,2.0,2.2,2.3,24.5,27.0,28.8,47.2,50.1,50.5,5.3,11.4,18.4,10551.0,10238.0,9778.0,5.869111932518245,12.770267630396562,21.259562282675393,1.116671405553976,1.1156475874194178,1.156473716506443,220.0,1
"University College London",59.5,57.3,55.8,6.7,5.9,5.3,16080.0,15486.0,15058.0,81959.0,162701.0,245812.0,2.19,2.21,2.21,22.5,24.5,25.7,42.4,44.7,43.7,5.1,10.5,16.3,14141.0,13744.0,12946.0,5.795841878226434,11.83796565774156,18.987486482311137,1.1371190156283149,1.1267462165308497,1.1631391935733044,230.0,1
"Imperial College London",62.2,61.2,60.6,8.1,8.4,7.4,12293.0,12314.0,11652.0,64901.0,136960.0,207126.0,2.14,2.24,2.4,25.2,27.0,27.0,46.2,49.0,48.7,5.3,11.1,17.8,11223.0,10824.0,10723.0,5.782856633698654,12.653362897265337,19.31604961298144,1.0953399269357569,1.1376570583887657,1.086636202555255,223.0,1
"University of Chicago",42.7,40.7,41.6,5.0,4.4,5.3,8960.0,8835.0,8824.0,50478.0,102616.0,167099.0,2.09,2.11,2.29,25.3,26.6,28.2,47.7,50.9,51.0,5.6,11.6,18.9,8555.0,8508.0,8347.0,5.900409117475161,12.061118946873531,20.019048760033545,1.0473407364114553,1.0384344146685474,1.057146280100635,208.0,1
"Nanyang Technological University",66.3,61.5,59.8,3.9,4.0,3.7,7812.0,7990.0,7499.0,40627.0,81364.0,117574.0,1.92,1.84,1.96,23.5,24.8,24.3,52.1,50.4,50.6,5.2,10.2,15.7,6723.0,6627.0,6349.0,6.042986761862264,12.277652029575977,18.518506851472672,1.1619812583668006,1.2056737588652482,1.1811308867538195,176.0,1
"National University of Singapore",63.9,61.6,58.3,3.6,3.3,3.1,10148.0,9735.0,9503.0,46266.0,91212.0,138573.0,1.74,1.79,1.86,22.4,24.2,24.1,45.1,47.7,47.0,4.6,9.4,14.6,9995.0,9400.0,9285.0,4.628914457228614,9.70340425531915,14.924394184168014,1.0153076538269135,1.0356382978723404,1.0234787291330103,173.0,1
"Princeton University",48.1,46.5,46.9,7.6,7.2,6.5,4876.0,4604.0,4518.0,28072.0,53352.0,81622.0,2.27,2.22,2.4,26.9,28.0,28.9,46.9,50.1,51.9,5.8,11.6,18.1,3583.0,3342.0,3164.0,7.834775327937483,15.964093357271095,25.79709228824273,1.3608707786770862,1.3776181926989826,1.4279393173198482,167.0,1
"Cornell University",41.6,40.0,38.8,5.5,5.8,5.4,9059.0,8857.0,9075.0,45912.0,93126.0,149164.0,2.04,2.09,2.09,22.8,25.3,25.6,46.1,48.3,46.1,5.1,10.5,16.4,8570.0,8769.0,8855.0,5.357292882147025,10.619911050290797,16.845172219085264,1.0570595099183198,1.0100353518075038,1.0248447204968945,203.0,1
"University of Pennsylvania",34.2,32.7,31.4,5.1,5.6,5.0,13120.0,11846.0,11642.0,64966.0,124120.0,191940.0,2.14,2.1,2.27,21.3,25.4,25.5,42.1,45.8,45.1,5.0,10.5,16.5,12502.0,12165.0,11527.0,5.1964485682290835,10.203041512535965,16.651340331395854,1.0494320908654615,0.973777229757501,1.009976576732888,214.0,1
"Tsinghua University",33.4,32.5,30.9,4.7,4.3,4.4,16544.0,14653.0,13918.0,73149.0,139278.0,177848.0,1.55,1.65,1.58,21.5,23.2,21.2,43.4,42.2,40.1,4.4,9.5,12.8,16766.0,15011.0,14093.0,4.3629368960992485,9.27839584304843,12.619598382175548,0.986758916855541,0.976150822729998,0.9875824877598808,177.0,1
"Yale University",39.8,39.4,38.7,4.6,4.8,5.2,9460.0,9167.0,8997.0,47548.0,102511.0,158394.0,2.02,2.15,2.35,23.5,27.1,28.3,46.1,48.5,49.6,5.0,11.2,17.6,9186.0,8588.0,8460.0,5.176137600696713,11.936539357242664,18.722695035460994,1.0298279991291095,1.0674196553330229,1.0634751773049644,209.0,1
"Columbia University",43.1,41.2,39.8,5.9,6.0,5.9,11836.0,11317.0,11036.0,61288.0,125885.0,188038.0,2.1,2.26,2.3,21.8,24.8,26.2,43.4,47.7,48.6,5.2,11.1,17.0,10984.0,10270.0,10020.0,5.579752367079388,12.257546251217137,18.76626746506986,1.0775673707210487,1.1019474196689387,1.1013972055888224,218.0,1
"Ecole Polytechnique",69.5,69.1,67.4,8.4,9.3,9.4,1924.0,1885.0,1786.0,9058.0,19831.0,25836.0,1.64,1.82,1.72,23.5,26.0,24.1,46.8,49.4,47.0,4.7,10.5,14.5,1653.0,1697.0,1686.0,5.4797338173018755,11.685916322922806,15.323843416370106,1.1639443436176649,1.1107837360047141,1.059311981020166,103.0,1
"University of Edinburgh",57.9,55.8,53.2,6.9,6.3,6.8,7631.0,7557.0,7157.0,39237.0,84165.0,126321.0,2.15,2.28,2.38,21.6,24.2,24.9,44.2,47.0,45.3,5.1,11.1,17.6,6791.0,6659.0,6314.0,5.777794139302017,12.639285177954648,20.006493506493506,1.123693123251362,1.1348550833458477,1.1335128286347798,188.0,1
"University of Michigan Ann Arbor",35.9,34.6,34.3,5.2,5.1,5.0,14984.0,14314.0,13692.0,64054.0,139853.0,212649.0,1.92,2.03,2.15,20.0,23.5,24.7,40.8,44.6,44.5,4.3,9.8,15.5,14585.0,13443.0,12833.0,4.391772368872129,10.403406977609164,16.570482350190915,1.0273568735001715,1.064792085100052,1.066936803553339,209.0,1
"Peking University",33.8,33.3,32.3,3.2,3.1,2.5,14139.0,12842.0,12579.0,62904.0,121232.0,171846.0,1.46,1.62,1.54,21.1,23.2,22.2,41.0,41.6,41.4,4.4,9.4,13.7,19662.0,18069.0,17337.0,3.1992676228257553,6.709391775969893,9.912095518255754,0.7191028379615502,0.7107200177098899,0.7255580550268212,185.0,1
"University of Tokyo",37.2,35.5,33.2,5.9,5.9,6.6,12413.0,12026.0,11958.0,43602.0,89461.0,134172.0,1.27,1.35,1.38,16.0,16.7,16.9,34.7,36.6,36.8,3.5,7.4,11.2,11914.0,11760.0,11681.0,3.659728051032399,7.607227891156462,11.486345347144937,1.0418834984052376,1.0226190476190475,1.023713723140142,164.0,1
"Johns Hopkins University",42.2,40.3,39.1,5.9,6.2,5.7,14040.0,13589.0,13159.0,73556.0,150926.0,229198.0,2.18,2.2,2.34,22.1,26.2,26.4,39.9,44.8,44.4,5.2,11.1,17.4,13492.0,13128.0,12260.0,5.451823302697895,11.49649603900061,18.694779771615007,1.0406166617254669,1.0351157830591102,1.0733278955954324,239.0,1
"Duke University",39.4,37.2,36.7,6.4,6.7,6.3,9496.0,9045.0,8731.0,45102.0,91906.0,143637.0,2.06,2.12,2.18,21.2,24.5,25.0,43.8,46.2,46.9,4.7,10.2,16.5,9028.0,8745.0,8212.0,4.995790872840053,10.509548313321899,17.49111056989771,1.0518387239698714,1.0343053173241852,1.0632001948368242,190.0,1
"University of Hong Kong",68.0,66.4,66.2,2.1,2.4,2.4,5768.0,5525.0,5315.0,24034.0,51513.0,73892.0,1.74,1.91,1.95,20.4,21.7,21.6,45.1,44.6,43.5,4.2,9.3,13.9,5230.0,5095.0,4926.0,4.595411089866157,10.110500490677135,15.000406008932197,1.102868068833652,1.084396467124632,1.0789687373122208,138.0,1
"University of Manchester",56.6,53.7,52.4,8.1,8.4,7.8,8306.0,8026.0,8276.0,36778.0,79177.0,121985.0,1.85,1.96,2.02,22.3,23.4,23.8,42.3,42.9,43.5,4.4,9.9,14.7,7370.0,7082.0,6958.0,4.99023066485753,11.180033888731996,17.531618281115264,1.1270013568521031,1.1332956791866704,1.1894222477723484,170.0,1
"University of California at Berkeley",47.9,45.9,44.3,5.9,5.6,5.9,9268.0,9271.0,9080.0,53372.0,111893.0,173188.0,2.21,2.3,2.42,27.0,28.8,30.6,50.5,52.1,52.4,5.8,12.1,19.1,8477.0,8325.0,8046.0,6.296095316739413,13.4406006006006,21.524732786477752,1.0933113129644922,1.1136336336336337,1.1285110613969673,218.0,1
"Australian National University",58.8,56.5,54.9,2.8,2.5,2.2,4951.0,4944.0,4863.0,21362.0,47301.0,73001.0,1.89,2.05,2.13,19.8,19.6,21.2,39.6,41.5,41.4,4.3,9.6,15.0,3623.0,3560.0,3492.0,5.896218603367375,13.286797752808988,20.905211912943873,1.3665470604471432,1.3887640449438203,1.3926116838487972,138.0,1
"University of Toronto",52.9,51.4,50.9,4.5,4.9,4.4,18574.0,17649.0,17267.0,83030.0,176543.0,269032.0,2.0,2.02,2.17,19.9,22.1,22.3,37.7,40.9,40.7,4.5,10.0,15.6,19639.0,18833.0,18076.0,4.22781200672132,9.374130515584346,14.883381279044036,0.9457711696114873,0.93713163064833,0.9552445231245851,254.0,1
"Northwestern University",34.9,33.2,32.2,4.8,4.8,4.8,8497.0,8332.0,7912.0,47915.0,101395.0,141394.0,2.24,2.29,2.33,24.2,26.7,26.3,46.4,49.0,49.4,5.6,12.2,17.9,8022.0,7698.0,7451.0,5.972949389179756,13.17160301376981,18.976513219702053,1.0592121665420096,1.082359054299818,1.061870889813448,193.0,1
"Hong Kong University of Science and Technology",75.4,73.2,72.2,4.0,3.5,3.7,2905.0,2724.0,2659.0,16663.0,30806.0,46432.0,1.96,2.12,2.16,27.4,28.7,28.9,54.5,54.0,55.1,5.7,11.3,17.5,2502.0,2262.0,2280.0,6.659872102318145,13.61892130857648,20.364912280701756,1.1610711430855316,1.2042440318302388,1.1662280701754386,117.0,1
"King's College London",56.7,52.9,53.4,5.4,4.8,5.1,8349.0,7977.0,7717.0,39984.0,88835.0,123858.0,2.07,2.32,2.22,21.9,23.9,24.1,42.9,44.6,45.2,4.8,11.1,16.1,7057.0,7126.0,6539.0,5.665863681451041,12.466320516418747,18.941428352959168,1.1830806291625338,1.1194218355318553,1.180149870010705,174.0,1
"Kyoto University",35.4,33.7,33.2,5.5,6.1,5.6,7943.0,7784.0,7701.0,28952.0,62667.0,90411.0,1.27,1.48,1.47,16.2,16.8,17.1,35.5,38.7,38.1,3.6,8.1,11.7,8048.0,8017.0,7652.0,3.5974155069582503,7.816764375701634,11.815342394145322,0.9869532803180915,0.9709367593863041,1.0064035546262415,142.0,1
"McGill University",55.8,55.1,54.4,3.8,3.7,3.5,8803.0,8677.0,8304.0,36557.0,79706.0,122395.0,1.77,1.89,1.98,19.3,22.4,23.1,38.9,42.8,44.3,4.2,9.2,14.7,8812.0,8722.0,8185.0,4.1485474353154785,9.138500343957809,14.953573610262676,0.9989786654561961,0.9948406328823665,1.0145387904703727,169.0,1
"University of California at Los Angeles",41.4,40.7,40.0,6.5,6.8,6.7,12573.0,12125.0,11687.0,64379.0,126481.0,190648.0,2.13,2.16,2.23,21.7,25.2,24.5,43.7,46.5,46.8,5.1,10.4,16.3,12223.0,11959.0,11535.0,5.267037552155772,10.576218747386905,16.527785002167317,1.028634541438272,1.0138807592608077,1.0131772865192892,217.0,1
"Seoul National University",29.5,28.1,28.0,5.8,6.0,6.0,10337.0,9989.0,9597.0,35156.0,84371.0,117577.0,1.33,1.63,1.58,14.8,16.4,15.9,36.1,38.3,37.2,3.4,8.4,12.3,11723.0,11421.0,10990.0,2.9988910688390344,7.387356623763243,10.698544131028207,0.8817708777616651,0.8746169337185886,0.8732484076433121,169.0,1
"University of Melbourne",52.9,50.9,49.4,3.8,4.0,4.1,11740.0,10939.0,10438.0,51700.0,110337.0,157675.0,1.93,2.06,2.06,19.7,21.8,22.6,40.5,42.0,42.0,4.4,10.1,15.1,9839.0,9217.0,8796.0,5.254599044618356,11.971031789085385,17.925761709868123,1.1932106921435106,1.1868286861234676,1.1866757617098682,196.0,1
"New York University",37.1,35.4,34.8,5.5,4.6,5.1,8893.0,8582.0,8298.0,39101.0,78066.0,116941.0,2.07,1.98,2.21,17.8,20.5,22.2,39.9,40.0,40.5,4.4,9.1,14.1,8324.0,8051.0,7890.0,4.697381066794811,9.696435225437833,14.821419518377693,1.0683565593464681,1.0659545398087193,1.0517110266159695,177.0,1
"Fudan University",30.6,30.3,30.2,2.7,2.8,2.8,9719.0,9091.0,8477.0,37085.0,76060.0,108152.0,1.36,1.46,1.49,18.7,20.4,20.4,36.0,38.0,38.3,3.8,8.4,12.8,15681.0,14831.0,13524.0,2.3649639691346214,5.128447171465174,7.997042295178941,0.6197946559530643,0.612972827186299,0.6268115942028986,141.0,1
"Korea Advanced Institute of Science and Technology",28.3,27.9,25.5,6.7,6.5,8.0,4107.0,3993.0,4046.0,13096.0,29122.0,43397.0,1.2,1.35,1.31,16.7,18.5,18.4,47.3,47.3,46.3,3.2,7.3,10.7,4649.0,4630.0,4565.0,2.8169498816949883,6.289848812095032,9.506462212486309,0.8834157883415789,0.8624190064794817,0.8863088718510406,107.0,1
"University of Sydney",52.2,51.3,50.0,3.0,3.1,2.6,11210.0,10793.0,10255.0,48436.0,103587.0,155266.0,1.97,2.09,2.1,19.5,20.4,21.0,36.9,39.3,38.0,4.3,9.6,15.1,8836.0,8655.0,8376.0,5.481665912177456,11.968457538994802,18.537010506208215,1.2686736079674061,1.2470248411322935,1.2243314231136582,185.0,1
"University of New South Wales",56.1,52.0,51.0,2.7,2.6,2.8,9876.0,9249.0,9010.0,42338.0,85734.0,119495.0,1.84,1.94,1.85,20.8,20.7,20.7,40.4,41.2,41.7,4.3,9.3,13.3,7683.0,7391.0,7110.0,5.510607835480932,11.599783520497903,16.80661040787623,1.2854353768059352,1.25138682181031,1.2672292545710266,161.0,1
"London School of Economics and Political Science",48.8,41.4,42.3,3.2,2.8,2.7,1757.0,1777.0,1531.0,5213.0,11590.0,12759.0,2.05,2.54,2.08,12.1,11.3,14.0,41.2,38.3,39.8,3.0,6.5,8.3,1161.0,1165.0,1057.0,4.490094745908699,9.948497854077253,12.070955534531693,1.5133505598621877,1.5253218884120172,1.4484389782403027,65.0,1
"University of California at San Diego",43.4,42.6,42.0,7.0,6.9,6.8,9974.0,9664.0,9378.0,54536.0,108469.0,173597.0,2.14,2.19,2.27,25.2,27.1,27.9,46.9,47.7,49.1,5.5,11.2,18.5,9661.0,9244.0,9142.0,5.644964289411034,11.733989614885331,18.98895208925837,1.0323983024531622,1.0454348766767634,1.0258149201487639,212.0,1
"Chinese University of Hong Kong",71.1,69.3,68.6,3.5,2.9,3.0,5216.0,4818.0,4489.0,24207.0,55634.0,67877.0,1.94,2.27,2.13,21.0,23.3,21.7,44.1,46.0,42.8,4.6,11.5,15.1,4749.0,4333.0,4174.0,5.0972836386607705,12.839603046388184,16.261859127934834,1.09833649189303,1.1119316870528502,1.0754671777671299,137.0,1
"University of Queensland",56.0,54.1,49.6,3.3,3.1,3.1,9950.0,9334.0,9139.0,44042.0,86659.0,127294.0,1.85,1.89,1.98,21.1,21.9,21.8,42.3,44.0,42.6,4.4,9.3,13.9,8379.0,8034.0,7744.0,5.2562358276643995,10.786532237988549,16.43775826446281,1.1874925408759995,1.161812297734628,1.1801394628099173,172.0,1
"Carnegie Mellon University",45.7,41.2,41.0,10.1,9.3,9.9,3972.0,3884.0,3848.0,17720.0,36097.0,54341.0,2.21,2.24,2.29,19.5,22.5,22.9,43.4,45.9,45.5,4.5,9.3,14.1,3408.0,3252.0,3230.0,5.199530516431925,11.099938499384994,16.823839009287926,1.1654929577464788,1.1943419434194342,1.1913312693498452,134.0,1
"University of Bristol",54.6,51.4,50.1,7.3,8.4,8.9,5894.0,5647.0,5447.0,28804.0,58908.0,85017.0,2.08,2.13,2.18,20.9,23.0,23.2,45.1,48.2,46.6,4.9,10.4,15.6,4916.0,4723.0,4556.0,5.859235150528885,12.47258098666102,18.66044776119403,1.1989422294548413,1.1956383654456912,1.1955662862159788,149.0,1
"Delft University of Technology",58.4,57.5,56.3,8.0,7.2,8.3,5641.0,5214.0,5015.0,19650.0,37086.0,49916.0,1.64,1.67,1.53,17.1,19.3,18.4,43.1,42.3,41.4,3.5,7.1,10.0,4874.0,4412.0,4131.0,4.0315962248666395,8.405711695376247,12.08327281529896,1.1573656134591712,1.1817769718948323,1.213991769547325,105.0,1
"University of British Columbia",57.2,55.1,55.3,3.7,4.4,4.3,10769.0,10104.0,10068.0,47306.0,97717.0,153321.0,1.91,2.05,2.12,19.3,21.7,22.3,39.0,42.2,41.3,4.4,9.7,15.2,10536.0,10298.0,9875.0,4.489939255884586,9.488929889298893,15.526177215189874,1.0221146545178437,0.981161390561274,1.0195443037974683,197.0,1
"City University of Hong Kong",76.8,73.4,72.7,1.9,1.7,1.6,3889.0,3490.0,3248.0,18340.0,33683.0,43889.0,1.73,1.9,1.68,23.8,26.0,23.7,52.5,51.4,49.8,4.7,9.7,13.5,2453.0,2276.0,2085.0,7.476559315124337,14.79920913884007,21.04988009592326,1.58540562576437,1.5333919156414764,1.5577937649880096,112.0,1
"PSL Research University",61.1,57.5,56.2,6.0,6.0,5.8,8703.0,8785.0,8470.0,39062.0,78395.0,127384.0,1.67,1.6,1.76,20.5,21.2,22.1,40.3,41.1,41.1,4.5,8.9,15.0,8684.0,8519.0,8390.0,4.498157531091663,9.202371170325156,15.182836710369488,1.0021879318286504,1.0312243221035333,1.0095351609058403,168.0,1
"Zhejiang University",31.5,29.7,28.7,2.3,2.4,2.3,14585.0,13185.0,12395.0,51556.0,96698.0,129555.0,1.24,1.26,1.22,18.6,19.4,18.0,37.4,36.9,36.2,3.5,7.3,10.5,22072.0,20089.0,18438.0,2.335810076114534,4.813480013937976,7.026521314676212,0.6607919536063791,0.6563293344616457,0.6722529558520447,147.0,1
"Technical University of Munich",51.7,48.6,49.8,9.6,9.9,9.4,8090.0,7871.0,7615.0,36099.0,68540.0,100827.0,1.91,1.83,1.83,19.7,21.3,21.8,39.8,38.7,42.7,4.5,8.7,13.2,7912.0,7692.0,7349.0,4.562563195146613,8.91055642225689,13.719825826643081,1.0224974721941356,1.0232709308372334,1.0361954007347938,152.0,1
"University of Wisconsin-Madison",36.9,34.4,33.7,4.4,5.1,4.6,8958.0,8895.0,8728.0,36737.0,77683.0,117688.0,1.69,1.78,1.84,20.1,22.4,22.5,43.3,45.5,46.1,4.1,8.7,13.5,9174.0,9194.0,9086.0,4.004469151951167,8.449314770502502,12.952674444199868,0.9764551994767822,0.9674787905155536,0.9605987233105877,170.0,1
"Brown University",34.5,32.5,32.4,3.3,4.0,4.6,4690.0,4443.0,4246.0,21470.0,43557.0,70347.0,1.97,2.15,2.3,17.6,21.6,22.0,39.5,44.6,44.2,4.6,9.8,16.6,4177.0,3926.0,3743.0,5.140052669379938,11.094498217014774,18.794282660967138,1.1228154177639453,1.1316861946001018,1.1343841838097783,139.0,1
"Monash University",55.2,51.7,50.8,2.8,2.9,2.9,10300.0,9555.0,8854.0,44432.0,91194.0,136590.0,1.8,1.88,2.06,20.6,21.8,22.1,39.5,42.5,41.4,4.3,9.5,15.4,8203.0,7674.0,7126.0,5.416554918932098,11.8835027365129,19.167836093179904,1.2556381811532367,1.245113369820172,1.2424922817850126,173.0,1
"Tokyo Institute of Technology",36.8,33.2,31.6,7.4,8.2,9.0,3863.0,3864.0,3819.0,11930.0,23338.0,37586.0,1.16,1.15,1.21,14.9,15.4,15.6,34.7,35.5,36.7,3.1,6.0,9.8,3613.0,3490.0,3501.0,3.3019651259341267,6.687106017191977,10.735789774350186,1.0691945751453087,1.107163323782235,1.0908311910882604,94.0,1
"Ecole Polytechnique",69.5,69.1,67.4,8.4,9.3,9.4,1924.0,1885.0,1786.0,9058.0,19831.0,25836.0,1.64,1.82,1.72,23.5,26.0,24.1,46.8,49.4,47.0,4.7,10.5,14.5,1653.0,1697.0,1686.0,5.4797338173018755,11.685916322922806,15.323843416370106,1.1639443436176649,1.1107837360047141,1.059311981020166,103.0,1
"Shanghai Jiao Tong University",29.4,28.5,27.8,3.0,3.3,3.3,17173.0,15419.0,14220.0,55733.0,107620.0,148579.0,1.2,1.28,1.3,16.5,17.9,17.1,33.0,34.7,32.8,3.2,7.0,10.4,24854.0,22643.0,20781.0,2.2424157077331617,4.752903767168662,7.1497521774698045,0.690955178240927,0.6809610034006095,0.6842789086184495,149.0,1
"University of Warwick",55.7,55.0,52.3,6.9,7.4,6.8,4244.0,4247.0,4054.0,17794.0,46200.0,61616.0,1.83,2.37,2.23,18.8,20.4,21.0,42.6,46.1,45.0,4.2,10.9,15.2,3068.0,3100.0,2925.0,5.79986962190352,14.903225806451612,21.065299145299146,1.3833116036505868,1.37,1.385982905982906,131.0,1
"Ludwig Maximilian University of Munich",53.9,52.9,52.8,6.1,6.5,6.4,7444.0,6920.0,6907.0,35868.0,67488.0,116035.0,1.83,1.78,2.1,21.2,24.7,25.9,38.2,40.2,42.2,4.8,9.8,16.8,7364.0,7146.0,7073.0,4.870722433460076,9.44416456759026,16.40534426693058,1.0108636610537751,0.96837391547719,0.9765304679768132,166.0,1
"University of Amsterdam",57.1,57.0,55.4,4.6,4.3,4.2,8867.0,8288.0,7927.0,43534.0,84304.0,133462.0,2.13,2.08,2.29,22.7,24.3,26.2,40.3,41.8,43.7,4.9,10.2,16.8,7852.0,7171.0,6690.0,5.5443199184921035,11.756240412773671,19.949476831091182,1.1292664289353032,1.1557662808534375,1.1849028400597907,175.0,1
"University of Texas at Austin",37.8,37.0,36.6,6.1,5.8,6.6,8980.0,8756.0,9046.0,38807.0,80737.0,132006.0,1.92,1.93,2.1,19.6,22.2,24.0,42.9,43.8,45.5,4.3,9.2,14.6,8985.0,8893.0,9643.0,4.319087367835281,9.07871359496233,13.689308306543607,0.9994435169727324,0.984594624985944,0.938089806076947,186.0,1
"Universität Heidelberg",57.5,54.3,53.3,8.1,8.4,7.8,7238.0,7134.0,6876.0,40054.0,80429.0,128415.0,2.1,2.1,2.21,23.8,25.1,26.5,39.0,39.7,41.2,5.5,11.3,18.7,7285.0,7336.0,6992.0,5.498146877144818,10.963604143947656,18.36598970251716,0.9935483870967742,0.972464558342421,0.9834096109839817,180.0,1
"University of Glasgow",57.2,55.4,53.3,7.3,8.4,7.8,5187.0,4961.0,4675.0,24858.0,57631.0,79124.0,2.12,2.31,2.27,21.3,23.0,23.4,46.6,48.9,46.2,4.8,11.6,16.9,4338.0,4232.0,4083.0,5.730290456431535,13.617911153119092,19.378888072495712,1.1957123098201936,1.1722589792060492,1.144991427871663,158.0,1
"University of Washington",38.1,37.1,35.8,6.2,6.6,6.3,13412.0,12725.0,12723.0,66646.0,151788.0,227529.0,2.09,2.41,2.39,21.7,25.9,25.6,42.4,46.0,46.5,5.0,11.9,17.9,12821.0,12379.0,12256.0,5.198190468762187,12.261733581064707,18.564703002610965,1.0460962483425629,1.0279505614346878,1.0381037859007833,246.0,1
"National Taiwan University",37.5,36.3,32.9,3.8,3.9,4.0,6187.0,6226.0,6266.0,22503.0,47491.0,73393.0,1.45,1.46,1.5,15.6,16.1,15.6,39.9,45.3,44.0,3.6,7.6,11.7,7361.0,7320.0,7547.0,3.0570574650183397,6.487841530054645,9.724791307804425,0.8405108001630214,0.8505464480874317,0.830263680932821,133.0,1
"University of Malaya",57.6,52.5,52.2,1.7,1.4,1.3,4039.0,4472.0,4791.0,15364.0,33882.0,55912.0,1.5,1.51,1.5,18.4,19.3,20.5,25.9,28.2,32.8,3.8,7.6,11.7,4252.0,4591.0,4793.0,3.6133584195672626,7.3800914833369635,11.665345295222199,0.9499059266227657,0.9740797211936397,0.9995827248070103,110.0,1
"Osaka University",30.2,29.9,29.0,6.8,7.0,7.2,6538.0,6451.0,6544.0,19337.0,39881.0,60233.0,1.13,1.15,1.13,14.1,14.7,14.8,30.3,33.5,33.2,3.0,6.2,9.2,7011.0,7078.0,7189.0,2.7580944230494935,5.634501271545634,8.37849492279872,0.9325345885037798,0.9114156541395875,0.9102795938238977,120.0,1
"Georgia Institute of Technology",45.5,43.7,41.8,7.6,7.4,7.6,6060.0,5952.0,5766.0,26002.0,61257.0,83647.0,1.83,2.07,2.03,21.2,23.7,23.1,47.0,48.0,48.2,4.3,10.3,14.5,5514.0,5173.0,5038.0,4.71563293434893,11.841677943166442,16.603215561730845,1.0990206746463547,1.1505895998453508,1.144501786423184,152.0,1
"Universidad de Buenos Aires",40.6,39.9,41.2,1.3,1.2,1.9,3422.0,3353.0,3303.0,8805.0,17029.0,26347.0,1.01,0.98,1.0,10.8,10.8,11.6,25.6,27.3,28.5,2.6,5.1,8.0,4820.0,4702.0,4720.0,1.8267634854771784,3.6216503615482774,5.581991525423729,0.7099585062240664,0.7131008081667376,0.6997881355932203,92.0,1
"University of Illinois at Urbana-Champaign",39.4,37.7,38.1,5.0,5.7,5.3,7623.0,7677.0,7571.0,31989.0,64794.0,109178.0,1.75,1.8,1.99,20.0,20.6,21.6,42.1,44.2,45.2,4.2,8.4,14.4,7259.0,7216.0,6861.0,4.406805345088856,8.97921286031042,15.912840693776417,1.0501446480231438,1.0638858093126387,1.1034834572219794,157.0,1
"University of Zurich",65.0,63.3,62.6,5.3,5.8,5.0,7596.0,7437.0,6711.0,35568.0,78804.0,109560.0,1.95,2.09,2.13,22.2,23.8,24.7,42.1,44.5,45.0,4.7,10.6,16.3,7185.0,7105.0,7113.0,4.9503131524008355,11.09134412385644,15.402783635596794,1.0572025052192067,1.0467276565798733,0.9434837621256854,168.0,1
"Sorbonne University",100.0,60.0,75.0,0.0,0.0,0.0,5.0,5.0,4.0,4.0,13.0,6.0,0.33,1.75,0.7,0.0,0.0,0.0,20.0,0.0,50.0,0.8,2.6,1.5,3.0,5.0,5.0,1.3333333333333333,2.6,1.2,1.6666666666666667,1.0,0.8,4.0,1
"University of Durham",56.6,54.4,53.6,3.7,3.3,3.2,2852.0,2699.0,2809.0,11691.0,20921.0,34526.0,1.58,1.59,1.65,18.7,20.5,20.8,39.2,41.7,42.5,4.1,7.8,12.3,2041.0,1947.0,2009.0,5.728074473297403,10.745249101181304,17.18566450970632,1.3973542381185693,1.3862352336928607,1.39820806371329,96.0,1
"University of Sheffield",52.2,48.9,49.9,6.4,6.1,6.8,5091.0,5239.0,5019.0,22512.0,49399.0,77000.0,1.86,1.89,2.08,20.1,21.3,21.7,42.2,44.0,43.5,4.4,9.4,15.3,4339.0,4342.0,4062.0,5.188292233233464,11.377015200368493,18.9561792220581,1.1733118230006914,1.2065868263473054,1.2355982274741506,135.0,1
"KU Leuven",65.2,62.5,62.4,5.9,5.9,5.7,9662.0,9074.0,8824.0,41116.0,84563.0,124001.0,1.86,1.94,1.95,19.5,22.1,21.7,42.0,42.6,43.3,4.3,9.3,14.1,8638.0,8274.0,8024.0,4.759898124565872,10.22032874063331,15.45376370887338,1.1185459597128966,1.096688421561518,1.0997008973080757,178.0,1
"University of Copenhagen",63.0,59.4,57.7,8.1,7.4,7.6,10688.0,10531.0,10525.0,53252.0,110659.0,174369.0,2.02,2.04,2.11,22.9,24.7,25.6,42.0,43.6,44.1,5.0,10.5,16.6,10955.0,10768.0,10542.0,4.860976722957553,10.276653046062407,16.540409789413772,0.9756275673208581,0.9779903417533432,0.9983874027698729,206.0,1
"University of Birmingham",56.5,51.3,52.2,7.1,7.1,7.3,5530.0,5286.0,5160.0,26747.0,54715.0,86907.0,2.13,2.14,2.18,22.2,22.7,24.3,44.1,44.9,42.8,4.8,10.4,16.8,4475.0,4371.0,4267.0,5.976983240223464,12.5177304964539,20.367236934614482,1.235754189944134,1.209334248455731,1.2092805249589875,150.0,1
"Tohoku University",33.0,33.1,32.4,5.9,6.0,6.6,6392.0,6260.0,6340.0,18997.0,38809.0,60737.0,1.05,1.15,1.15,13.4,14.1,14.5,28.6,31.7,32.5,3.0,6.2,9.6,6740.0,6462.0,6748.0,2.818545994065282,6.005725781491798,9.00074096028453,0.9483679525222551,0.9687403280718044,0.939537640782454,109.0,1
"Korea University",30.5,29.9,29.9,4.7,4.9,5.3,5429.0,5289.0,5203.0,20370.0,44603.0,57031.0,1.34,1.57,1.44,17.5,17.7,16.3,41.1,39.8,36.0,3.8,8.4,11.0,5477.0,5480.0,5239.0,3.7191893372284097,8.139233576642336,10.885856079404466,0.9912360781449698,0.9651459854014599,0.9931284596297003,118.0,1
"University of Auckland",58.4,56.5,53.7,3.0,3.8,3.4,4962.0,4750.0,4515.0,18288.0,41583.0,52558.0,1.73,2.0,1.85,16.5,19.1,17.0,34.4,38.1,37.1,3.7,8.8,11.6,3915.0,3825.0,3611.0,4.671264367816092,10.871372549019608,14.554970922182221,1.2674329501915709,1.2418300653594772,1.2503461644973692,117.0,1
"Lomonosov Moscow State University",31.3,32.8,34.3,2.6,2.7,2.9,8040.0,7391.0,6852.0,17631.0,37914.0,54738.0,0.82,0.95,0.96,8.9,9.5,9.7,15.6,16.9,17.5,2.2,5.1,8.0,7620.0,6997.0,6732.0,2.313779527559055,5.4186079748463625,8.131016042780749,1.0551181102362204,1.056309847077319,1.017825311942959,115.0,1
"Rice University",48.3,46.8,46.0,4.7,4.1,5.3,2280.0,2225.0,2129.0,11511.0,23593.0,34139.0,1.91,2.07,1.94,25.0,28.0,27.7,51.0,56.0,53.9,5.0,10.6,16.0,2013.0,1958.0,1935.0,5.718330849478391,12.049540347293156,17.642894056847545,1.1326378539493294,1.1363636363636365,1.1002583979328164,118.0,1
"University of Western Australia",59.1,57.3,57.1,3.7,4.0,3.5,5367.0,5340.0,5237.0,23515.0,56342.0,82133.0,1.95,2.09,2.2,20.2,21.0,21.8,40.3,40.9,39.8,4.4,10.6,15.7,4142.0,4026.0,4020.0,5.677209077740222,13.994535519125684,20.431094527363182,1.2957508450024142,1.3263785394932937,1.3027363184079601,140.0,1
"Pohang University of Science And Technology",36.9,35.9,35.3,8.0,9.0,7.8,2063.0,1967.0,2113.0,8536.0,17985.0,25920.0,1.29,1.56,1.38,21.6,25.3,20.6,49.9,54.9,52.2,4.1,9.1,12.3,2201.0,2297.0,2244.0,3.878237164925034,7.82977797126687,11.550802139037433,0.9373012267151295,0.8563343491510667,0.9416221033868093,97.0,1
"University of Science and Technology of China",30.3,30.1,31.6,2.9,2.6,2.5,9010.0,7422.0,6472.0,41922.0,73328.0,92295.0,1.47,1.58,1.55,23.2,24.5,24.4,43.2,44.5,45.6,4.7,9.9,14.3,11330.0,9264.0,7914.0,3.7000882612533097,7.915371329879102,11.662244124336619,0.795233892321271,0.8011658031088082,0.8177912560020217,149.0,1
"University of North Carolina",34.1,32.0,31.4,5.5,5.1,5.2,8725.0,8489.0,8181.0,39929.0,85758.0,133615.0,1.98,2.08,2.23,19.5,22.7,23.4,41.6,45.3,44.1,4.6,10.1,16.3,8701.0,8425.0,8245.0,4.58901275715435,10.178991097922848,16.205579138872043,1.0027583036432595,1.0075964391691394,0.9922377198302001,194.0,1
"Hong Kong Polytechnic University",73.3,71.7,69.8,1.5,1.7,1.6,5098.0,4489.0,3732.0,24298.0,41880.0,44842.0,1.85,1.9,1.56,24.3,23.3,21.8,50.3,46.9,44.3,4.8,9.3,12.0,3501.0,3147.0,2790.0,6.94030277063696,13.30791229742612,16.072401433691756,1.4561553841759498,1.4264378773435018,1.3376344086021505,95.0,1
"Lund University",62.0,59.8,58.7,5.6,6.4,5.9,5975.0,5862.0,5865.0,26509.0,55404.0,88003.0,1.76,2.01,2.04,19.8,22.0,21.5,40.4,44.1,43.4,4.4,9.5,15.0,5658.0,5637.0,5654.0,4.685224460940262,9.828632251197446,15.564732932437213,1.0560268646164723,1.0399148483235763,1.0373187124159886,145.0,1
"Pennsylvania State University",36.4,35.5,34.4,3.8,3.9,4.2,9239.0,8733.0,8540.0,32360.0,70832.0,109210.0,1.52,1.67,1.74,17.2,19.9,20.5,38.2,41.7,42.1,3.5,8.1,12.8,8172.0,7654.0,7587.0,3.9598629466470876,9.254246145806114,14.39435877158297,1.1305677924620656,1.1409720407629997,1.125609595360485,152.0,1
"University of Leeds",55.4,52.3,50.7,5.6,5.7,5.4,5177.0,4774.0,4537.0,19414.0,40461.0,53252.0,1.69,1.77,1.72,20.6,20.7,21.1,44.5,45.9,44.5,3.8,8.5,11.7,4447.0,4105.0,3748.0,4.365639757139645,9.856516443361754,14.208110992529349,1.1641556105239488,1.1629719853836784,1.2105122732123799,119.0,1
"Sungkyunkwan University",29.5,27.1,27.6,14.4,16.3,16.1,5398.0,5434.0,5401.0,20047.0,43613.0,65993.0,1.36,1.47,1.5,17.6,17.9,17.0,39.2,38.4,35.3,3.7,8.0,12.2,5684.0,5443.0,5407.0,3.526917663617171,8.012676832629065,12.205104494174218,0.9496833216045039,0.9983465000918611,0.9988903273534308,136.0,1
"University of Nottingham",54.3,51.5,49.1,6.4,6.6,6.3,5275.0,5381.0,5162.0,21642.0,43565.0,71121.0,1.76,1.77,1.96,20.2,19.4,20.3,42.9,43.4,44.0,4.1,8.1,13.8,4981.0,4888.0,4788.0,4.344910660509938,8.912643207855973,14.854010025062657,1.0590242923107809,1.100859247135843,1.0781119465329991,131.0,1
"University of Southampton",60.1,58.7,58.6,6.2,5.8,5.4,5660.0,5679.0,5740.0,25934.0,57131.0,91360.0,1.9,2.06,2.17,21.5,21.8,23.1,43.5,43.8,46.0,4.6,10.1,15.9,4370.0,4449.0,4307.0,5.934553775743707,12.841312654529109,21.211980496865568,1.2951945080091534,1.2764666217127445,1.3327141862084977,146.0,1
"Boston University",38.8,37.9,38.5,5.4,6.1,5.8,6238.0,5944.0,5701.0,31855.0,55149.0,93179.0,2.15,1.94,2.32,21.3,23.6,25.7,45.1,48.1,47.9,5.1,9.3,16.3,5699.0,5442.0,5175.0,5.5895771187927705,10.133958103638369,18.0056038647343,1.0945779961396735,1.0922454979786842,1.1016425120772946,158.0,1
"Royal Institute of Technology",65.6,65.4,64.4,10.4,9.4,9.5,4470.0,4392.0,4162.0,17101.0,33939.0,51328.0,1.59,1.59,1.6,19.7,20.6,19.3,43.3,43.0,44.7,3.8,7.7,12.3,3359.0,3293.0,3206.0,5.09109854123251,10.306407531126633,16.009981285090454,1.330753200357249,1.3337382326146372,1.298190892077355,118.0,1
"University of St Andrews",58.8,59.8,58.5,4.1,3.4,3.7,2051.0,2103.0,2098.0,7514.0,16989.0,26241.0,1.51,1.52,1.58,19.6,20.4,20.4,41.2,40.7,42.0,3.7,8.1,12.5,1550.0,1567.0,1604.0,4.847741935483871,10.841735800893426,16.359725685785538,1.323225806451613,1.3420548819400127,1.3079800498753118,92.0,1
"Ohio State University",35.8,34.9,35.6,5.1,5.1,5.2,9669.0,9240.0,8800.0,43511.0,85610.0,123418.0,1.96,1.88,1.92,19.6,21.3,22.3,39.0,42.4,43.7,4.5,9.3,14.0,9532.0,9070.0,8615.0,4.5647293327738145,9.438809261300992,14.325943122460824,1.0143726395300041,1.0187431091510475,1.0214741729541497,172.0,2
"Eindhoven University of Technology",53.8,52.5,51.7,14.3,15.2,14.9,3005.0,2891.0,2770.0,10347.0,21230.0,28988.0,1.48,1.62,1.5,16.3,18.7,18.3,38.4,40.7,42.8,3.4,7.3,10.5,2603.0,2522.0,2409.0,3.975028812908183,8.417922283901666,12.033208800332089,1.1544371878601614,1.1463124504361617,1.1498547114985471,89.0,2
"Universidad Nacional Autónoma de México",44.2,41.3,42.3,1.6,1.5,2.1,6726.0,6378.0,6111.0,15594.0,30651.0,47811.0,0.8,0.89,0.93,9.1,9.8,9.6,20.9,23.5,23.4,2.3,4.8,7.8,9162.0,8807.0,8283.0,1.702030124426981,3.48029976155331,5.7721839913074975,0.7341191879502292,0.7241966617463381,0.7377761680550525,95.0,2
"University of California at Davis",43.5,41.7,41.5,4.5,4.1,4.5,8028.0,7851.0,7808.0,34862.0,67610.0,106079.0,1.79,1.81,1.76,20.3,21.8,21.3,42.8,44.5,45.6,4.3,8.6,13.6,7875.0,7652.0,7571.0,4.426920634920635,8.835598536330371,14.011227050587769,1.0194285714285714,1.026006272869838,1.031303658697662,153.0,2
"Yonsei University",29.0,26.4,25.6,5.9,6.5,6.6,5941.0,5715.0,5751.0,19637.0,38552.0,63293.0,1.24,1.26,1.34,13.9,15.1,14.9,36.6,39.7,36.9,3.3,6.7,11.0,6746.0,6612.0,6532.0,2.9109101689890307,5.830611010284332,9.68968156766687,0.8806700266824785,0.8643375680580763,0.8804347826086957,113.0,2
"University of Adelaide",55.5,54.8,52.5,2.9,2.8,2.6,4932.0,4837.0,4851.0,26657.0,60615.0,87726.0,2.18,2.49,2.41,23.5,24.5,23.5,42.6,44.5,42.5,5.4,12.5,18.1,3929.0,3719.0,3628.0,6.7846780351234415,16.298736219413822,24.180264608599778,1.2552812420463222,1.3006184458187684,1.3371003307607496,160.0,2
"University of Helsinki",61.6,60.9,58.9,5.6,5.2,5.8,6320.0,6262.0,6140.0,29676.0,57907.0,103813.0,1.95,1.94,2.23,19.9,20.6,21.4,42.1,43.0,43.4,4.7,9.2,16.9,6214.0,6112.0,5931.0,4.775667846797554,9.47431282722513,17.503456415444276,1.0170582555519794,1.024541884816754,1.0352385769684707,160.0,2
"Trinity College Dublin",57.6,55.8,54.5,5.0,4.3,3.8,3216.0,3070.0,2887.0,12758.0,25059.0,44791.0,1.68,1.62,1.91,18.2,18.7,20.2,36.2,37.3,38.8,4.0,8.2,15.5,3392.0,3276.0,3105.0,3.761202830188679,7.6492673992674,14.425442834138487,0.9481132075471698,0.9371184371184371,0.9297906602254429,111.0,2
"Washington University St. Louis",32.2,31.7,30.8,5.5,5.7,4.8,6835.0,6351.0,5967.0,37761.0,75529.0,113325.0,2.26,2.32,2.35,23.6,25.8,26.8,42.9,46.6,46.4,5.5,11.9,19.0,7129.0,6879.0,6346.0,5.29681582269603,10.979648204680913,17.857705641348883,0.9587599943891149,0.9232446576537288,0.9402773400567287,196.0,2
"University of Geneva",65.9,64.6,64.9,5.2,4.2,4.2,4947.0,4664.0,4632.0,24724.0,47334.0,79458.0,1.86,1.87,2.08,22.3,23.5,25.4,37.2,39.7,39.5,5.0,10.1,17.2,4470.0,4273.0,4765.0,5.531096196868009,11.077463140650597,16.675341028331584,1.1067114093959731,1.0915047975661127,0.9720881427072403,142.0,2
"Purdue University",36.4,36.3,35.2,6.0,6.3,6.3,7331.0,7132.0,6697.0,24676.0,48400.0,69834.0,1.49,1.52,1.47,17.0,17.9,17.7,42.0,42.3,42.4,3.4,6.8,10.4,6722.0,6430.0,6096.0,3.6709312704552217,7.527216174183515,11.455708661417322,1.0905980362987207,1.1091757387247279,1.0985892388451444,128.0,2
"Technical University of Denmark",63.7,60.4,60.6,11.4,10.4,10.6,4730.0,4682.0,4375.0,18491.0,41060.0,62267.0,1.57,1.74,1.84,21.5,23.4,23.9,44.4,46.5,45.0,3.9,8.8,14.2,4137.0,4073.0,3678.0,4.469664007735074,10.081021360176774,16.92958129418162,1.1433405849649505,1.1495212374171373,1.189505165851006,127.0,2
"University of Alberta",53.9,50.4,49.8,4.3,3.8,3.8,8092.0,7446.0,7418.0,30872.0,59497.0,92624.0,1.59,1.66,1.73,17.8,20.0,20.1,37.8,40.0,39.0,3.8,8.0,12.5,7464.0,7023.0,6824.0,4.136120042872454,8.471735725473444,13.573270808909731,1.0841371918542337,1.060230670653567,1.0870457209847597,142.0,2
"University of Groningen",60.6,58.5,56.8,6.1,6.9,6.5,6497.0,6322.0,6026.0,31622.0,69208.0,94778.0,1.98,2.17,2.11,21.6,24.2,24.0,43.2,47.0,47.9,4.9,10.9,15.7,5946.0,5723.0,5462.0,5.318197107299024,12.092958238686004,17.35225192237276,1.0926673393878237,1.1046653852874366,1.1032588795313072,163.0,2
"Nagoya University",33.0,30.9,30.4,5.1,5.8,4.7,5184.0,4952.0,4676.0,17688.0,32486.0,48285.0,1.22,1.23,1.21,15.3,15.2,15.9,30.4,31.0,34.0,3.4,6.6,10.3,5131.0,4999.0,4952.0,3.447281231728708,6.498499699939988,9.750605815831987,1.0103293704930814,0.9905981196239247,0.944264943457189,101.0,2
"Universidade de São Paulo",39.7,37.8,36.8,2.1,2.0,2.1,15561.0,14503.0,14311.0,40136.0,84125.0,123882.0,1.08,1.22,1.22,10.9,11.4,11.4,23.2,25.6,25.5,2.6,5.8,8.7,21767.0,20443.0,19866.0,1.8438921302889695,4.115100523406545,6.235880398671096,0.7148895116460697,0.7094359927603581,0.7203765227021041,147.0,2
"Uppsala University",62.5,60.6,61.4,6.4,6.7,6.4,6039.0,5990.0,5801.0,26142.0,58309.0,92672.0,1.7,1.94,2.14,20.6,22.6,24.0,43.6,44.5,45.0,4.3,9.7,16.0,5275.0,5364.0,5178.0,4.955829383886256,10.870432513049963,17.897257628427965,1.1448341232227488,1.116703952274422,1.1203167246040941,156.0,2
"Leiden University",58.5,57.8,55.9,5.8,5.5,5.6,6309.0,5780.0,5616.0,30319.0,55798.0,89106.0,1.91,1.76,1.93,23.3,25.4,26.6,37.6,40.3,43.1,4.8,9.7,15.9,5419.0,5084.0,4895.0,5.594943716552869,10.975216365066876,18.203472931562818,1.1642369440856246,1.1369000786782062,1.1472931562819204,147.0,2
"University of Oslo",60.1,58.5,57.8,5.8,5.7,5.5,6673.0,6475.0,6217.0,27588.0,60711.0,95395.0,1.9,2.06,2.23,18.5,20.6,21.0,39.5,39.2,37.7,4.1,9.4,15.3,6160.0,6149.0,5622.0,4.478571428571429,9.87331273377785,16.96816079686944,1.0832792207792208,1.0530167506911694,1.1058342226965492,154.0,2
"Humboldt University of Berlin",53.8,50.7,52.4,3.4,3.4,3.4,3434.0,2814.0,2528.0,15571.0,22802.0,30182.0,1.72,1.61,1.6,19.3,20.9,21.3,42.3,43.2,44.2,4.5,8.1,11.9,3707.0,2597.0,2149.0,4.200431615861883,8.780130920292645,14.044671940437413,0.9263555435662261,1.0835579514824798,1.1763610981852024,104.0,2
"Nanjing University",34.7,32.1,33.0,1.7,1.8,1.9,7985.0,7228.0,6858.0,35236.0,69197.0,97588.0,1.43,1.59,1.65,23.1,24.5,23.7,42.8,42.8,44.1,4.4,9.6,14.2,11209.0,10204.0,9453.0,3.14354536533143,6.781360250882007,10.323495186713213,0.7123739851904719,0.7083496667973344,0.7254839733417963,133.0,2
"Utrecht University",57.9,55.6,54.1,6.1,5.7,6.1,8104.0,7917.0,7446.0,38105.0,79099.0,117182.0,1.99,2.0,2.13,23.0,24.7,27.2,44.7,47.6,47.9,4.7,10.0,15.7,7611.0,7373.0,6935.0,5.006569438969912,10.728197477281975,16.89718817591925,1.0647746682433321,1.0737827207378272,1.0736842105263158,164.0,2
"University of Bern",67.4,66.2,65.1,4.7,3.8,3.7,5376.0,5037.0,4854.0,26775.0,49809.0,69139.0,2.08,2.03,1.94,21.1,23.3,23.7,42.0,43.9,42.0,5.0,9.9,14.2,4661.0,4485.0,4926.0,5.744475434456125,11.105685618729098,14.035525781567195,1.1534005578202102,1.123076923076923,0.9853836784409257,141.0,2
"Karlsruhe Institute of Technology",51.7,51.8,50.7,8.1,8.3,7.3,4701.0,4644.0,4543.0,17324.0,35735.0,54094.0,1.5,1.55,1.56,19.1,20.9,19.7,40.0,40.8,43.7,3.7,7.7,11.9,4939.0,4933.0,4783.0,3.5075926300870623,7.244070545307116,11.30963830232072,0.9518121077141122,0.941414960470302,0.9498222872674054,116.0,2
"Wageningen University & Research",69.6,67.2,66.1,7.2,7.2,8.5,3710.0,3587.0,3597.0,18514.0,39836.0,63856.0,2.11,2.29,2.53,25.8,27.2,27.4,54.1,55.7,58.2,5.0,11.1,17.8,3631.0,3531.0,3547.0,5.098870834480859,11.281789861229113,18.00281928390189,1.0217570917102727,1.0158595298782214,1.0140964195094446,132.0,2
"Chalmers University of Technology",58.9,58.7,55.5,15.4,14.0,15.3,3039.0,2892.0,2820.0,11679.0,19686.0,28065.0,1.73,1.44,1.48,18.8,18.1,17.6,38.1,40.0,39.9,3.8,6.8,10.0,2494.0,2384.0,2338.0,4.682838813151564,8.25755033557047,12.003849443969205,1.218524458700882,1.2130872483221478,1.2061591103507272,91.0,2
"Queen Mary University of London",63.0,57.8,57.7,5.9,5.4,6.1,4134.0,3851.0,3783.0,21774.0,37233.0,67331.0,2.41,2.04,2.5,22.6,23.1,25.7,45.2,46.3,46.1,5.3,9.7,17.8,3279.0,3085.0,3095.0,6.640439158279963,12.06904376012966,21.754765751211632,1.2607502287282708,1.2482982171799029,1.2222940226171244,146.0,2
"Pontificia Universidad Católica de Chile",57.9,56.5,56.5,2.3,1.8,2.2,2737.0,2900.0,2677.0,9648.0,22553.0,31945.0,1.41,1.67,1.6,16.3,16.3,18.0,29.3,29.7,28.7,3.5,7.8,11.9,3068.0,3519.0,3086.0,3.1447196870925684,6.408922989485649,10.351587815942969,0.8921121251629727,0.8240977550440466,0.8674659753726507,92.0,2
"Lancaster University",60.7,57.0,56.4,4.3,4.7,4.7,2812.0,2532.0,2469.0,12890.0,25981.0,34736.0,2.15,2.39,2.11,21.5,22.8,22.6,50.1,50.5,48.2,4.6,10.3,14.1,1697.0,1678.0,1577.0,7.595757218621096,15.48331346841478,22.026632847178185,1.6570418385385974,1.5089392133492252,1.5656309448319594,104.0,2
"University of Southern California",35.7,35.3,34.9,6.4,6.8,7.0,7816.0,7410.0,7326.0,31042.0,69496.0,96466.0,1.95,2.08,1.89,17.6,20.9,21.1,39.5,42.9,41.8,4.0,9.4,13.2,7715.0,7184.0,7039.0,4.0235904082955285,9.673719376391983,13.704503480608041,1.0130913804277382,1.0314587973273943,1.0407728370507174,163.0,2
"Free University of Berlin",51.6,50.1,48.8,4.5,3.8,3.8,3418.0,2797.0,2646.0,12946.0,20403.0,29617.0,1.57,1.42,1.4,18.2,18.9,18.1,39.7,43.8,43.2,3.8,7.3,11.2,4026.0,2921.0,2530.0,3.215598609041232,6.984936665525505,11.706324110671936,0.8489816194734228,0.9575487846627867,1.0458498023715415,88.0,2
"Ghent University",62.4,61.1,59.4,4.9,4.8,4.6,7943.0,7617.0,7515.0,33838.0,68222.0,100160.0,1.79,1.9,1.84,19.4,21.9,21.3,41.4,42.5,43.3,4.3,9.0,13.3,7190.0,6928.0,6785.0,4.7062586926286505,9.84728637413395,14.761974944731024,1.1047287899860918,1.0994515011547343,1.10759027266028,155.0,2
"Hokkaido University",33.9,30.2,30.3,4.8,5.8,5.6,4389.0,4464.0,4323.0,11869.0,24671.0,39537.0,0.98,1.0,1.09,14.0,12.9,14.2,31.2,31.7,35.0,2.7,5.5,9.1,4976.0,5186.0,4932.0,2.385249196141479,4.757231006556113,8.016423357664234,0.8820337620578779,0.8607790204396452,0.8765206812652068,87.0,2
"Kyushu University",33.6,33.1,32.1,6.0,5.4,5.5,4981.0,5072.0,5028.0,15271.0,30196.0,48301.0,1.15,1.13,1.21,14.6,14.4,14.5,30.1,31.8,32.8,3.1,6.0,9.6,5513.0,5672.0,5599.0,2.7699981861055685,5.323695345557122,8.62671905697446,0.9035008162524941,0.8942172073342737,0.8980175031255582,102.0,2
"Aalto University",61.9,60.4,59.6,5.4,6.2,5.7,3113.0,2992.0,3113.0,10429.0,20610.0,39512.0,1.58,1.64,1.8,18.1,18.1,18.6,45.3,43.4,43.7,3.4,6.9,12.7,2572.0,2506.0,2559.0,4.054821150855365,8.224261771747805,15.44040640875342,1.2103421461897357,1.1939345570630486,1.2164908167252833,100.0,2
"University of California at Santa Barbara",45.5,45.0,43.3,6.4,6.1,6.8,3549.0,3457.0,3289.0,17806.0,36769.0,58451.0,1.98,2.04,2.28,26.2,28.5,29.2,50.5,52.4,52.1,5.0,10.6,17.8,2992.0,2944.0,2830.0,5.95120320855615,12.489470108695652,20.65406360424028,1.1861631016042782,1.1742527173913044,1.162190812720848,137.0,2
"University of Maryland College Park",42.1,40.2,40.8,6.5,6.3,6.5,6820.0,6797.0,6720.0,30786.0,67470.0,102070.0,1.86,1.98,2.1,19.8,22.7,23.0,45.7,47.0,48.7,4.5,9.9,15.2,5745.0,5720.0,5670.0,5.358746736292428,11.795454545454545,18.001763668430335,1.1871192341166232,1.1882867132867132,1.1851851851851851,167.0,2
"Université de Montréal",53.9,52.7,50.6,4.6,4.1,4.4,5641.0,5573.0,5350.0,22579.0,51802.0,77401.0,1.81,1.98,2.13,18.1,20.3,21.6,34.2,37.7,38.5,4.0,9.3,14.5,6272.0,6283.0,6016.0,3.599968112244898,8.24478752188445,12.865857712765957,0.8993941326530612,0.8869966576476206,0.8892952127659575,159.0,2
"RWTH Aachen University",45.7,44.0,43.5,9.5,9.1,9.4,5818.0,5564.0,5448.0,23410.0,41424.0,69266.0,1.55,1.51,1.58,18.5,19.1,19.0,36.8,39.7,38.7,4.0,7.4,12.7,6084.0,5952.0,5775.0,3.8477975016436554,6.959677419354839,11.994112554112554,0.9562787639710717,0.9348118279569892,0.9433766233766234,127.0,2
"CentraleSupélec",54.3,54.3,51.3,8.1,8.3,8.6,2010.0,2061.0,1890.0,4058.0,9771.0,13734.0,1.22,1.27,1.36,9.3,10.9,11.0,30.4,30.0,31.7,2.0,4.7,7.3,1641.0,1637.0,1505.0,2.472882388787325,5.968845448992059,9.125581395348837,1.2248628884826325,1.259010384850336,1.255813953488372,62.0,2
"McMaster University",51.2,50.8,50.6,4.5,5.0,4.6,5181.0,5106.0,4965.0,20737.0,49314.0,78100.0,1.97,2.04,2.27,17.5,20.7,20.7,32.9,36.9,35.9,4.0,9.7,15.7,4913.0,4842.0,4619.0,4.220842662324445,10.184634448574968,16.90842173630656,1.0545491553022592,1.0545229244114003,1.074907988742152,153.0,2
"University of Pittsburgh",36.0,33.7,33.0,4.5,4.5,4.7,9228.0,8874.0,8716.0,43541.0,89374.0,142523.0,1.97,2.0,2.26,20.4,23.5,23.7,41.5,43.5,44.2,4.7,10.1,16.4,9452.0,9242.0,9205.0,4.606538298772747,9.670417658515472,15.483215643671917,0.9763013118916631,0.9601817788357498,0.9468766974470396,184.0,2
"University of Technology Sydney",63.9,59.6,56.3,2.5,2.3,2.7,4242.0,3503.0,3104.0,16873.0,26530.0,32949.0,1.84,1.76,1.64,19.1,18.9,18.9,42.7,41.2,40.3,4.0,7.6,10.6,2500.0,2181.0,1869.0,6.7492,12.164144887666207,17.629213483146067,1.6968,1.6061439706556626,1.6607811663991439,94.0,2
"Michigan State University",39.1,37.5,37.5,3.2,3.5,3.0,6315.0,6121.0,5807.0,25124.0,46961.0,68503.0,1.77,1.81,1.69,17.9,18.4,19.0,39.5,42.0,41.1,4.0,7.7,11.8,5954.0,5503.0,5145.0,4.219684245885119,8.533708886062147,13.314480077745383,1.0606315082297615,1.1123023805197165,1.1286686103012633,130.0,2
"Aarhus University",61.6,58.7,57.6,5.9,5.7,5.7,6858.0,6716.0,6305.0,30831.0,59757.0,92263.0,1.94,1.9,2.04,20.5,21.7,22.0,41.7,41.7,42.7,4.5,8.9,14.6,6417.0,6207.0,5888.0,4.804581580177653,9.627356210729822,15.669667119565217,1.0687237026647967,1.0820041888190752,1.0708220108695652,146.0,2
"Newcastle University",57.1,53.4,52.6,6.1,6.2,5.7,4468.0,4364.0,4082.0,20000.0,41909.0,56737.0,1.86,2.05,1.99,20.6,22.1,22.7,42.2,43.9,42.9,4.5,9.6,13.9,3873.0,3821.0,3681.0,5.163955589981926,10.96807118555352,15.41347459929367,1.1536276788019624,1.1421093954462183,1.10893778864439,125.0,2
"Technical University of Berlin",47.9,46.2,46.4,5.8,6.0,6.7,2996.0,2978.0,2804.0,9452.0,19708.0,27345.0,1.46,1.43,1.53,15.4,16.4,16.7,34.2,36.1,35.6,3.2,6.6,9.8,2621.0,2683.0,2543.0,3.6062571537581074,7.345508758852032,10.75304758159654,1.1430751621518505,1.109951546775997,1.1026346834447502,89.0,2
"University of York",52.4,50.6,46.8,5.2,5.5,5.6,3043.0,2951.0,2916.0,10999.0,20000.0,37231.0,1.73,1.68,1.91,17.3,18.7,17.8,42.5,42.6,40.3,3.6,6.8,12.8,2489.0,2441.0,2401.0,4.419043792687827,8.193363375665712,15.506455643481882,1.2225793491361994,1.2089307660794757,1.214493960849646,99.0,2
"Polytechnic University of Milan",48.7,46.7,44.6,6.1,5.5,6.3,4619.0,4541.0,4244.0,13527.0,24540.0,35387.0,1.58,1.45,1.38,14.0,13.4,14.1,29.6,31.3,31.9,2.9,5.4,8.3,3632.0,3428.0,3312.0,3.7243942731277535,7.158693115519253,10.684480676328503,1.2717511013215859,1.3246791131855309,1.2814009661835748,84.0,2
"Hanyang University",32.6,29.9,29.2,4.7,4.7,5.4,4043.0,3854.0,3732.0,14637.0,36620.0,47530.0,1.17,1.43,1.37,18.0,18.9,16.5,42.2,40.0,36.1,3.6,9.5,12.7,4009.0,3748.0,3745.0,3.6510351708655526,9.770544290288154,12.69158878504673,1.008480917934647,1.028281750266809,0.9965287049399199,103.0,2
"University of Basel",67.0,64.3,65.4,9.0,8.1,8.1,4132.0,4093.0,3786.0,22449.0,41919.0,63117.0,2.11,1.99,2.14,23.3,24.6,24.4,42.0,44.6,43.5,5.4,10.2,16.7,4063.0,4065.0,4464.0,5.525227664287472,10.312177121771217,14.139112903225806,1.0169825252276643,1.0068880688806887,0.8481182795698925,137.0,2
"Indian Institute of Technology Bombay",28.4,27.2,27.4,4.0,4.3,5.8,2808.0,2604.0,2312.0,7227.0,18046.0,16523.0,0.98,1.25,0.98,12.2,13.3,12.3,28.7,33.1,32.7,2.6,6.9,7.1,2923.0,2685.0,2446.0,2.472459801573726,6.721042830540037,6.7551103843009,0.9606568593910366,0.9698324022346368,0.9452166802943581,67.0,2
"University of Lausanne",60.0,57.7,56.9,4.6,5.4,4.1,4085.0,3915.0,3739.0,16942.0,37871.0,49025.0,1.64,1.9,1.66,19.2,22.0,22.4,38.1,41.5,42.9,4.1,9.7,13.1,4048.0,3910.0,4451.0,4.185276679841897,9.685677749360615,11.014378791282859,1.0091403162055337,1.0012787723785166,0.8400359469782072,120.0,2
"Cardiff University",54.9,51.7,51.0,5.3,5.1,5.2,4267.0,4008.0,3969.0,19027.0,40269.0,67323.0,1.94,1.96,2.16,19.3,21.7,21.3,40.8,43.6,40.1,4.5,10.0,17.0,3679.0,3347.0,3370.0,5.171785811361783,12.031371377352853,19.97715133531157,1.1598260396846969,1.1974902898117716,1.1777448071216616,123.0,2
"University of Vienna",64.2,63.0,64.3,3.5,3.0,3.3,3619.0,3617.0,3430.0,13455.0,23882.0,41788.0,1.61,1.38,1.62,17.5,17.3,18.9,35.9,36.2,37.2,3.7,6.6,12.2,3174.0,3068.0,2985.0,4.239130434782608,7.784224250325945,13.99932998324958,1.1402016383112792,1.1789439374185138,1.1490787269681741,103.0,2
"Emory University",33.8,32.6,31.1,5.0,4.9,5.2,6472.0,6303.0,6102.0,31218.0,66669.0,107148.0,2.18,2.14,2.4,21.1,23.9,23.4,39.2,41.8,42.1,4.8,10.6,17.6,6566.0,6478.0,6008.0,4.754492841912884,10.291602346403211,17.83422103861518,0.9856838257691136,0.9729854893485643,1.0156458055925432,180.0,2
"University of Minnesota",37.2,36.4,35.3,4.3,4.3,4.7,10372.0,10119.0,9706.0,43465.0,85346.0,136822.0,1.79,1.72,1.82,18.9,20.4,22.4,42.0,43.0,44.5,4.2,8.4,14.1,9913.0,9490.0,9162.0,4.384646423887824,8.993256059009484,14.933638943462126,1.0463028346615555,1.0662802950474184,1.059375682165466,177.0,2
"Instituto Tecnológico de Estudios Superiores de Monterrey",48.5,48.6,50.9,1.5,1.4,1.9,1183.0,1085.0,810.0,3134.0,5254.0,5830.0,1.13,1.07,1.19,12.5,12.0,10.7,25.7,24.1,24.7,2.6,4.8,7.2,1313.0,1089.0,950.0,2.3869002284843868,4.824609733700643,6.136842105263158,0.900990099009901,0.9963269054178145,0.8526315789473684,46.0,2
"Universiti Putra Malaysia",40.9,40.0,38.3,0.7,0.5,0.6,3377.0,3385.0,3242.0,6621.0,14849.0,21333.0,0.82,0.96,1.01,9.1,10.3,9.6,15.5,14.9,16.0,2.0,4.4,6.6,4399.0,4102.0,4088.0,1.5051147988179132,3.619941491955144,5.218444227005871,0.7676744714707888,0.8252072159921989,0.7930528375733855,66.0,2
"École Normale Supérieure de Lyon",58.5,57.1,59.1,4.9,3.7,5.1,1661.0,1562.0,1584.0,6409.0,12116.0,21050.0,1.38,1.33,1.58,18.9,22.1,20.5,35.3,40.8,42.6,3.9,7.8,13.3,1629.0,1607.0,1584.0,3.934315531000614,7.5395146235220905,13.289141414141413,1.0196439533456108,0.9719975108898569,1.0,84.0,2
"Universiti Kebangsaan Malaysia",31.2,33.1,29.7,0.9,1.2,1.1,3580.0,3178.0,3181.0,7881.0,16626.0,20842.0,1.02,1.24,1.08,9.3,9.1,8.0,14.1,15.6,14.5,2.2,5.2,6.6,4219.0,3656.0,3678.0,1.8679781938848068,4.547592997811816,5.666666666666667,0.8485423086039345,0.8692560175054704,0.8648722131593257,65.0,2
"Hebrew University of Jerusalem",49.2,47.2,49.1,2.5,2.5,2.2,3447.0,3299.0,3257.0,11905.0,22630.0,34785.0,1.54,1.39,1.45,15.4,16.8,16.4,37.7,41.9,45.1,3.5,6.9,10.7,3610.0,3539.0,3398.0,3.2977839335180055,6.394461712348121,10.236904061212478,0.9548476454293628,0.932184232834134,0.9585050029429076,102.0,2
"University of Bergen",66.3,63.9,62.0,6.4,6.9,7.4,3383.0,3265.0,3123.0,15540.0,33098.0,50285.0,1.99,2.19,2.39,19.9,20.5,22.8,41.1,41.9,40.2,4.6,10.1,16.1,2865.0,2855.0,2786.0,5.424083769633508,11.592994746059544,18.049174443646805,1.1808027923211168,1.1436077057793346,1.1209619526202441,125.0,2
"University of Exeter",59.0,54.4,52.7,4.5,4.3,4.3,3572.0,3252.0,3015.0,17027.0,29335.0,42229.0,2.08,1.9,1.87,23.5,23.8,23.5,47.7,46.7,47.4,4.8,9.0,14.0,2645.0,2397.0,2256.0,6.437429111531191,12.238214434710054,18.718528368794328,1.3504725897920604,1.3566958698372966,1.336436170212766,112.0,2
"University of Barcelona",52.5,51.9,49.6,5.2,5.1,4.7,7698.0,7572.0,7126.0,36457.0,72767.0,102308.0,1.88,1.83,1.85,19.6,21.0,21.6,34.9,37.4,38.6,4.7,9.6,14.4,9248.0,8993.0,8657.0,3.942149653979239,8.091515623262538,11.817950791267183,0.8323961937716263,0.841988213054598,0.8231488968464826,170.0,2
"Universiti Sains Malaysia",36.0,35.2,34.7,1.6,1.5,1.4,3494.0,3455.0,2943.0,6895.0,17967.0,21878.0,1.01,1.3,1.12,8.8,9.1,8.2,11.8,13.3,13.7,2.0,5.2,7.4,4039.0,3949.0,3449.0,1.707105719237435,4.5497594327677895,6.343287909538997,0.8650656102995791,0.8749050392504432,0.8532908089301247,68.0,2
"Case Western Reserve University",33.0,30.9,30.3,4.5,4.5,4.8,4623.0,4550.0,4427.0,21886.0,45895.0,70199.0,2.02,1.95,2.13,18.6,21.0,22.4,35.4,38.7,39.1,4.7,10.1,15.9,5277.0,4966.0,4815.0,4.147432253174152,9.241844542891663,14.579231568016615,0.8760659465605458,0.9162303664921466,0.9194184839044652,150.0,2
"Université catholique de Louvain",62.1,60.0,61.5,4.2,5.4,5.8,3298.0,3204.0,3186.0,15315.0,27561.0,45031.0,1.75,1.71,1.76,21.0,20.9,20.3,41.3,37.3,39.6,4.6,8.6,14.1,3079.0,3042.0,3017.0,4.974017538161741,9.060157790927022,14.925754060324826,1.0711269892822346,1.0532544378698225,1.0560159098442161,119.0,2
"University of Florida",40.3,39.2,38.5,3.7,4.0,3.8,9502.0,9076.0,8439.0,33374.0,68498.0,99963.0,1.48,1.55,1.57,17.1,17.5,18.0,37.9,37.1,38.7,3.5,7.5,11.8,9449.0,8978.0,8402.0,3.532013969732247,7.629538872800178,11.89752439895263,1.0056090591596993,1.0109155713967477,1.004403713401571,152.0,2
"University of Tubingen",54.3,53.2,54.8,7.3,7.4,7.2,4375.0,4198.0,4238.0,19286.0,38139.0,62199.0,1.62,1.73,1.76,19.8,23.0,21.9,38.5,41.7,43.7,4.4,9.1,14.7,4567.0,4324.0,4268.0,4.222903437705277,8.820305272895467,14.573336457357076,0.9579592730457631,0.9708603145235892,0.992970946579194,126.0,2
"University of Freiburg",53.8,50.9,51.7,5.5,6.1,5.6,4389.0,4195.0,4172.0,19583.0,38927.0,59657.0,1.73,1.78,1.86,20.6,23.2,23.5,39.8,40.2,44.1,4.5,9.3,14.3,4723.0,4481.0,4338.0,4.146305314418802,8.687123409953136,13.752189949285386,0.9292822358670336,0.9361749609462173,0.9617335177501153,125.0,2
"University of Rochester",39.7,38.8,35.6,5.7,5.4,5.6,3838.0,3622.0,3510.0,17704.0,35030.0,48656.0,1.94,1.92,1.87,21.0,23.3,23.4,37.9,41.2,41.8,4.6,9.7,13.9,3932.0,3627.0,3577.0,4.5025432349949135,9.658119658119658,13.60246016214705,0.9760935910478128,0.9986214502343534,0.9812692200167739,141.0,2
"University of Bath",53.4,50.4,46.9,4.9,5.3,4.9,2149.0,2200.0,1953.0,9145.0,19310.0,24272.0,1.61,1.84,1.9,19.1,21.2,19.3,43.9,44.0,42.8,4.3,8.8,12.4,1725.0,1667.0,1576.0,5.301449275362319,11.58368326334733,15.401015228426395,1.2457971014492755,1.3197360527894422,1.239213197969543,91.0,2
"National Tsing Hua University",43.8,40.7,39.0,3.2,4.4,3.6,2306.0,2359.0,2417.0,9168.0,21455.0,36679.0,1.43,1.58,1.72,18.5,17.4,18.9,42.8,45.9,48.8,4.0,9.1,15.2,2707.0,2765.0,2773.0,3.3867750277059474,7.7594936708860756,13.227190768121169,0.851865533801256,0.8531645569620253,0.8716191849981969,94.0,2
"Queen's University Belfast",62.6,60.2,58.7,5.3,4.9,5.2,2881.0,2836.0,2708.0,10976.0,25961.0,36983.0,1.71,1.94,1.96,18.4,20.7,20.7,38.3,42.1,40.7,3.8,9.2,13.7,2476.0,2420.0,2334.0,4.432956381260097,10.727685950413223,15.845329905741217,1.1635702746365104,1.171900826446281,1.1602399314481577,100.0,2
"University of Waterloo",53.2,51.7,50.5,4.2,3.5,3.6,4613.0,4409.0,4286.0,15799.0,33509.0,50089.0,1.52,1.62,1.62,16.5,18.2,17.6,37.0,39.0,39.3,3.4,7.6,11.7,3961.0,3687.0,3630.0,3.9886392325170412,9.088418768646596,13.79862258953168,1.1646048977530927,1.1958231624627067,1.1807162534435263,104.0,2
"University of Otago",55.4,53.1,52.8,2.0,3.2,1.9,3178.0,2997.0,2968.0,10212.0,23821.0,35530.0,1.57,1.83,2.04,14.8,16.5,14.9,35.1,36.6,35.6,3.2,7.9,12.0,2932.0,2810.0,2755.0,3.4829467939972716,8.477224199288257,12.89655172413793,1.0839017735334242,1.0665480427046263,1.0773139745916516,102.0,2
"Sant'Anna Scuola Universitaria Superiore Pisa",47.8,49.3,43.8,6.4,5.4,5.0,808.0,741.0,678.0,3147.0,4947.0,6479.0,2.08,1.58,1.58,20.7,18.1,16.5,31.6,36.2,29.1,3.9,6.7,9.6,589.0,595.0,572.0,5.34295415959253,8.314285714285715,11.326923076923077,1.371816638370119,1.2453781512605042,1.1853146853146854,47.0,2
"University of Bologna",50.6,47.4,47.6,4.5,4.5,4.4,6835.0,6695.0,6450.0,31086.0,58322.0,93715.0,1.85,1.86,1.97,19.5,20.7,21.4,34.6,34.5,35.6,4.5,8.7,14.5,6035.0,5934.0,5729.0,5.150952775476387,9.828446241995282,16.358003141909585,1.1325600662800333,1.1282440175261206,1.1258509338453482,152.0,2
"Technische Universität Dresden",49.4,48.3,48.8,6.7,7.2,7.3,4940.0,4926.0,4918.0,21547.0,40775.0,62154.0,1.69,1.59,1.62,19.5,20.0,20.1,37.3,37.8,40.1,4.4,8.3,12.6,4996.0,4805.0,4828.0,4.312850280224179,8.485952133194589,12.873653686826843,0.988791032826261,1.0251821019771072,1.0186412593206298,133.0,2
"University of Liverpool",61.0,58.2,57.1,8.3,7.8,7.1,4562.0,4513.0,4176.0,22621.0,42337.0,64924.0,2.03,1.96,2.19,21.1,22.8,22.1,43.7,46.7,44.7,5.0,9.4,15.5,3784.0,3899.0,3399.0,5.978065539112051,10.858425237240318,19.100912032950866,1.2056025369978858,1.157476275968197,1.2285966460723743,132.0,2
"Indian Institute of Technology Delhi",18.1,19.3,21.2,2.2,2.3,2.7,2628.0,2538.0,2076.0,7143.0,12915.0,16944.0,1.21,1.05,1.14,14.1,14.0,15.3,27.7,28.0,32.2,2.7,5.1,8.2,2276.0,2110.0,1813.0,3.1384007029876977,6.12085308056872,9.345835631549917,1.1546572934973638,1.2028436018957347,1.1450634307777166,61.0,2
"Erasmus University Rotterdam",57.1,55.6,54.5,5.6,5.5,5.8,5644.0,5669.0,5333.0,26835.0,65892.0,93346.0,2.22,2.42,2.49,22.7,24.0,26.3,43.1,45.0,45.7,4.8,11.6,17.5,5397.0,5218.0,5052.0,4.972206781545303,12.62782675354542,18.477038796516233,1.0457661663887345,1.0864315829819855,1.0556215360253365,172.0,2
"Indian Institute of Science Bangalore",30.5,28.6,27.5,2.8,2.4,2.8,3089.0,2850.0,2612.0,9448.0,15911.0,22144.0,1.12,1.05,1.0,16.6,13.9,13.3,36.0,36.7,36.5,3.1,5.6,8.5,3024.0,2889.0,2578.0,3.124338624338624,5.507442021460713,8.589604344453065,1.021494708994709,0.9865005192107996,1.013188518231187,67.0,2
"University College Dublin",61.7,60.7,57.7,7.7,7.4,6.8,3702.0,3474.0,3380.0,16278.0,31054.0,45014.0,1.74,1.84,1.79,18.6,20.3,19.7,42.2,41.0,42.7,4.4,8.9,13.3,3410.0,3176.0,3117.0,4.773607038123167,9.777707808564232,14.441450112287455,1.0856304985337244,1.0938287153652393,1.0843760025665705,113.0,2
"King Abdulaziz University",81.3,83.5,83.3,1.0,1.6,2.0,4652.0,4675.0,4725.0,30670.0,62657.0,82355.0,2.26,2.24,1.96,28.0,29.2,27.5,33.6,33.2,34.6,6.6,13.4,17.4,2798.0,2708.0,2538.0,10.961401000714796,23.137740029542098,32.44877856579984,1.6626161543959972,1.7263663220088625,1.8617021276595744,168.0,2
"University of Twente",56.1,55.0,52.3,6.3,7.6,8.0,2726.0,2555.0,2572.0,8320.0,17287.0,28011.0,1.42,1.5,1.56,15.5,17.3,17.5,37.3,42.4,41.1,3.1,6.8,10.9,2366.0,2246.0,2282.0,3.5164835164835164,7.696794300979519,12.27475898334794,1.1521555367709213,1.1375779162956368,1.1270815074496057,88.0,2
"Universitat Autònoma de Barcelona",54.8,53.1,51.7,5.3,5.2,4.7,7341.0,6973.0,6628.0,35572.0,65989.0,98642.0,1.96,1.81,2.0,20.8,21.9,21.7,38.0,38.8,39.2,4.8,9.5,14.9,8545.0,8072.0,7769.0,4.162902282036279,8.175049554013874,12.696872184322306,0.8590988882387361,0.8638503468780971,0.8531342515124212,166.0,2
"Texas A and M University",41.6,39.2,39.5,3.9,3.7,4.1,9278.0,8933.0,8086.0,31560.0,60995.0,82220.0,1.59,1.52,1.45,16.5,17.1,16.9,35.6,37.1,37.6,3.4,6.8,10.2,8691.0,8377.0,7737.0,3.6313427683810837,7.28124626954757,10.626857955279824,1.0675411345069612,1.0663722096215829,1.0451079229675584,132.0,2
"Universidad de Chile",55.3,53.9,53.8,1.5,1.6,1.9,3152.0,3102.0,3088.0,9639.0,18240.0,27820.0,1.19,1.21,1.16,13.7,13.8,13.9,23.8,25.1,25.0,3.1,5.9,9.0,4211.0,4127.0,4008.0,2.2890049869389695,4.41967530894112,6.941117764471058,0.748515791973403,0.7516355706324206,0.7704590818363274,85.0,2
"Stockholm University",67.1,65.1,65.9,3.5,2.9,3.4,3726.0,3500.0,3290.0,19472.0,34469.0,58457.0,1.94,1.9,2.02,23.1,25.3,26.3,45.6,46.5,48.0,5.2,9.8,17.8,2824.0,2862.0,2699.0,6.895184135977337,12.04367575122292,21.658762504631344,1.3194050991501416,1.2229210342417889,1.218969988884772,130.0,2
"Vienna University of Technology",60.1,58.1,57.3,6.3,7.1,7.5,2925.0,2916.0,2932.0,9768.0,17910.0,27297.0,1.59,1.37,1.42,16.0,16.4,15.6,29.9,32.6,33.8,3.3,6.1,9.3,2482.0,2342.0,2427.0,3.935535858178888,7.647309991460291,11.247218788627936,1.178485092667204,1.2450896669513236,1.208075813761846,80.0,2
"Universidad Autónoma de Madrid",47.8,47.3,47.0,3.0,3.1,3.0,6496.0,6179.0,5849.0,31579.0,52880.0,82713.0,1.8,1.65,1.85,20.1,19.5,21.1,33.8,35.8,36.0,4.9,8.6,14.1,7606.0,7485.0,7211.0,4.151853799631869,7.064796259185036,11.470392455970046,0.8540625821719695,0.8255177020708083,0.8111218971016503,146.0,2
"University of Aberdeen",60.0,60.0,58.6,5.2,6.7,5.8,2050.0,2250.0,2340.0,8574.0,26938.0,40584.0,1.84,2.59,2.45,19.8,23.3,22.6,41.1,45.1,45.4,4.2,12.0,17.3,1828.0,1872.0,1859.0,4.690371991247265,14.389957264957266,21.831091984938137,1.1214442013129102,1.2019230769230769,1.2587412587412588,114.0,2
"Vrije Universiteit Brussel",62.7,60.4,57.1,4.5,4.1,4.1,2809.0,2638.0,2609.0,11252.0,21623.0,29722.0,1.69,1.7,1.64,19.5,20.7,19.0,40.8,41.0,41.6,4.0,8.2,11.4,2426.0,2337.0,2372.0,4.638087386644683,9.252460419341036,12.53035413153457,1.1578730420445178,1.1287976037655114,1.0999156829679595,101.0,2
"Waseda University",35.2,31.9,30.9,6.7,7.2,8.5,2489.0,2441.0,2346.0,6346.0,13093.0,18575.0,1.14,1.14,1.17,11.1,12.0,12.4,28.8,30.0,29.6,2.5,5.4,7.9,2534.0,2419.0,2325.0,2.504340962904499,5.4125671765192225,7.989247311827957,0.9822415153906867,1.0090946672178587,1.0090322580645161,83.0,2
"University of Göttingen",56.4,54.0,52.3,4.0,4.7,3.6,4222.0,3975.0,3854.0,20982.0,34897.0,56302.0,1.81,1.63,1.76,21.2,23.5,25.1,41.3,41.6,43.4,5.0,8.8,14.6,4111.0,3853.0,3822.0,5.103867672099246,9.057098364910459,14.731030873888017,1.0270007297494528,1.0316636387230729,1.0083725798011511,129.0,2
"University of Cape Town",64.8,60.7,59.8,4.4,4.6,4.5,3827.0,3699.0,3682.0,16414.0,32561.0,48984.0,1.97,2.01,2.08,18.5,16.3,17.7,33.9,34.7,34.2,4.3,8.8,13.3,3154.0,3101.0,3032.0,5.20418516169943,10.500161238310222,16.155672823218996,1.2133798351299936,1.1928410190261205,1.2143799472295516,124.0,2
"University of Virginia",34.2,32.0,32.8,4.6,4.0,4.9,5323.0,5003.0,4667.0,24197.0,42148.0,70803.0,1.9,1.86,2.23,19.3,20.2,22.6,39.2,39.4,41.6,4.5,8.4,15.2,5058.0,4724.0,4485.0,4.783906682483195,8.922099915325996,15.786622073578595,1.0523922499011467,1.059060118543607,1.0405797101449274,136.0,2
"Keio University",22.4,22.2,23.1,6.7,6.2,6.9,3442.0,3379.0,3222.0,8661.0,20266.0,29425.0,1.09,1.19,1.19,11.2,11.9,13.7,28.6,29.1,32.0,2.5,6.0,9.1,3620.0,3657.0,3436.0,2.3925414364640885,5.541700847689363,8.563736903376018,0.950828729281768,0.9239814055236533,0.9377182770663562,86.0,2
